{
  "checkpoint": "checkpoints/best.pt",
  "split": "test",
  "beam_width": 3,
  "length_normalize": true,
  "scores": {
    "bleu1": 0.6120058565153733,
    "bleu2": 0.43764052608947535,
    "bleu3": 0.30449412911626184,
    "bleu4": 0.20969749362542228,
    "meteor": 0.4309767696628847
  }
}