{
  "overall_acc": 0.5705868881810422,
  "yes_acc": 0.5857862201662095,
  "no_acc": 0.554858934169279,
  "total": 48033
}